SET FOREIGN_KEY_CHECKS = 0;

TRUNCATE TABLE access_tokens;
TRUNCATE TABLE lease_payments;
TRUNCATE TABLE leases;
TRUNCATE TABLE tenants;
TRUNCATE TABLE properties;
TRUNCATE TABLE users;

SET FOREIGN_KEY_CHECKS = 1;

INSERT INTO users (id, name, email, password_hash, created_at, updated_at) VALUES
('11111111-1111-1111-1111-111111111111', 'Kendrick Lamar', 'kendrick@test.com', '$2y$10$cb9pfbfVj4TgZYueRWRWF.F0GCmqfz9NGurtqDN8xMIL0Wp1gvMp6', NOW(), NOW());

INSERT INTO access_tokens (id, user_id, token_hash, expires_at, revoked_at, last_used_at, created_at, updated_at) VALUES
('22222222-2222-2222-2222-222222222222', '11111111-1111-1111-1111-111111111111', 'token_hash_fake_123456789', DATE_ADD(NOW(), INTERVAL 30 DAY), NULL, NOW(), NOW(), NOW());

INSERT INTO properties (
    id, owner_id, title, description, status, postal_code, street, number, neighborhood, city, state, deleted_at, created_at, updated_at, area, bedrooms, parking
) VALUES
('30000000-0000-0000-0000-000000000001', '11111111-1111-1111-1111-111111111111', 'Apartamento Centro 101', 'Apartamento bem localizado próximo a comércio.', 'active', '30140-071', 'Avenida Afonso Pena', '101', 'Centro', 'Belo Horizonte', 'MG', NULL, NOW(), NOW(), '45', 1, 1),
('30000000-0000-0000-0000-000000000002', '11111111-1111-1111-1111-111111111111', 'Apartamento Centro 102', 'Imóvel compacto e prático para solteiros.', 'active', '30150-000', 'Rua da Bahia', '210', 'Centro', 'Belo Horizonte', 'MG', NULL, NOW(), NOW(), '50', 2, 1),
('30000000-0000-0000-0000-000000000003', '11111111-1111-1111-1111-111111111111', 'Apartamento Savassi 201', 'Apartamento moderno na Savassi.', 'active', '30130-131', 'Rua Pernambuco', '350', 'Savassi', 'Belo Horizonte', 'MG', NULL, NOW(), NOW(), '70', 2, 1),
('30000000-0000-0000-0000-000000000004', '11111111-1111-1111-1111-111111111111', 'Apartamento Savassi 202', 'Imóvel com acabamento premium.', 'active', '30140-110', 'Rua Paraíba', '480', 'Savassi', 'Belo Horizonte', 'MG', NULL, NOW(), NOW(), '82', 3, 2),
('30000000-0000-0000-0000-000000000005', '11111111-1111-1111-1111-111111111111', 'Kitnet Funcionários 01', 'Kitnet ideal para estudantes.', 'active', '30130-040', 'Rua dos Aimorés', '550', 'Funcionários', 'Belo Horizonte', 'MG', NULL, NOW(), NOW(), '30', 1, 0),
('30000000-0000-0000-0000-000000000006', '11111111-1111-1111-1111-111111111111', 'Kitnet Funcionários 02', 'Kitnet reformada e mobiliada.', 'active', '30140-072', 'Rua Cláudio Manoel', '612', 'Funcionários', 'Belo Horizonte', 'MG', NULL, NOW(), NOW(), '32', 1, 0),
('30000000-0000-0000-0000-000000000007', '11111111-1111-1111-1111-111111111111', 'Casa Nova Lima 01', 'Casa ampla em condomínio.', 'active', '34000-000', 'Alameda das Acácias', '80', 'Jardins', 'Nova Lima', 'MG', NULL, NOW(), NOW(), '180', 4, 3),
('30000000-0000-0000-0000-000000000008', '11111111-1111-1111-1111-111111111111', 'Casa Nova Lima 02', 'Casa com quintal e garagem.', 'active', '34000-100', 'Rua das Palmeiras', '120', 'Vale Verde', 'Nova Lima', 'MG', NULL, NOW(), NOW(), '160', 3, 2),
('30000000-0000-0000-0000-000000000009', '11111111-1111-1111-1111-111111111111', 'Loja Centro 01', 'Loja comercial em ponto movimentado.', 'active', '30120-010', 'Rua São Paulo', '90', 'Centro', 'Belo Horizonte', 'MG', NULL, NOW(), NOW(), '55', 0, 0),
('30000000-0000-0000-0000-000000000010', '11111111-1111-1111-1111-111111111111', 'Sala Comercial Lourdes', 'Sala comercial ideal para escritório.', 'active', '30180-080', 'Rua Curitiba', '710', 'Lourdes', 'Belo Horizonte', 'MG', NULL, NOW(), NOW(), '40', 0, 1),
('30000000-0000-0000-0000-000000000011', '11111111-1111-1111-1111-111111111111', 'Apartamento Buritis 301', 'Apartamento familiar com varanda.', 'active', '30575-000', 'Rua Henrique Badaró Portugal', '900', 'Buritis', 'Belo Horizonte', 'MG', NULL, NOW(), NOW(), '95', 3, 2),
('30000000-0000-0000-0000-000000000012', '11111111-1111-1111-1111-111111111111', 'Apartamento Buritis 302', 'Apartamento bem ventilado e iluminado.', 'active', '30575-500', 'Rua José Hemetério Andrade', '455', 'Buritis', 'Belo Horizonte', 'MG', NULL, NOW(), NOW(), '88', 3, 2),
('30000000-0000-0000-0000-000000000013', '11111111-1111-1111-1111-111111111111', 'Cobertura Castelo', 'Cobertura com área gourmet.', 'active', '30840-000', 'Rua Castelo de Sintra', '150', 'Castelo', 'Belo Horizonte', 'MG', NULL, NOW(), NOW(), '140', 4, 2),
('30000000-0000-0000-0000-000000000014', '11111111-1111-1111-1111-111111111111', 'Casa Pampulha', 'Casa próxima à lagoa da Pampulha.', 'active', '31270-000', 'Avenida Otacílio Negrão de Lima', '2200', 'Pampulha', 'Belo Horizonte', 'MG', NULL, NOW(), NOW(), '210', 4, 4),
('30000000-0000-0000-0000-000000000015', '11111111-1111-1111-1111-111111111111', 'Apartamento Santa Efigênia', 'Apartamento de médio padrão.', 'active', '30260-070', 'Rua Piauí', '870', 'Santa Efigênia', 'Belo Horizonte', 'MG', NULL, NOW(), NOW(), '65', 2, 1);

INSERT INTO tenants (id, owner_id, name, email, phone, document, created_at, updated_at) VALUES
('40000000-0000-0000-0000-000000000001', '11111111-1111-1111-1111-111111111111', 'Lucas Almeida', 'lucas.almeida@email.com', '31990000001', '11111111101', NOW(), NOW()),
('40000000-0000-0000-0000-000000000002', '11111111-1111-1111-1111-111111111111', 'Mariana Souza', 'mariana.souza@email.com', '31990000002', '11111111102', NOW(), NOW()),
('40000000-0000-0000-0000-000000000003', '11111111-1111-1111-1111-111111111111', 'Pedro Henrique', 'pedro.henrique@email.com', '31990000003', '11111111103', NOW(), NOW()),
('40000000-0000-0000-0000-000000000004', '11111111-1111-1111-1111-111111111111', 'Ana Clara', 'ana.clara@email.com', '31990000004', '11111111104', NOW(), NOW()),
('40000000-0000-0000-0000-000000000005', '11111111-1111-1111-1111-111111111111', 'Rafael Lima', 'rafael.lima@email.com', '31990000005', '11111111105', NOW(), NOW()),
('40000000-0000-0000-0000-000000000006', '11111111-1111-1111-1111-111111111111', 'Juliana Mendes', 'juliana.mendes@email.com', '31990000006', '11111111106', NOW(), NOW()),
('40000000-0000-0000-0000-000000000007', '11111111-1111-1111-1111-111111111111', 'Thiago Martins', 'thiago.martins@email.com', '31990000007', '11111111107', NOW(), NOW()),
('40000000-0000-0000-0000-000000000008', '11111111-1111-1111-1111-111111111111', 'Beatriz Rocha', 'beatriz.rocha@email.com', '31990000008', '11111111108', NOW(), NOW()),
('40000000-0000-0000-0000-000000000009', '11111111-1111-1111-1111-111111111111', 'Gustavo Ferreira', 'gustavo.ferreira@email.com', '31990000009', '11111111109', NOW(), NOW()),
('40000000-0000-0000-0000-000000000010', '11111111-1111-1111-1111-111111111111', 'Fernanda Oliveira', 'fernanda.oliveira@email.com', '31990000010', '11111111110', NOW(), NOW()),
('40000000-0000-0000-0000-000000000011', '11111111-1111-1111-1111-111111111111', 'Matheus Costa', 'matheus.costa@email.com', '31990000011', '11111111111', NOW(), NOW()),
('40000000-0000-0000-0000-000000000012', '11111111-1111-1111-1111-111111111111', 'Camila Ribeiro', 'camila.ribeiro@email.com', '31990000012', '11111111112', NOW(), NOW()),
('40000000-0000-0000-0000-000000000013', '11111111-1111-1111-1111-111111111111', 'Felipe Gomes', 'felipe.gomes@email.com', '31990000013', '11111111113', NOW(), NOW()),
('40000000-0000-0000-0000-000000000014', '11111111-1111-1111-1111-111111111111', 'Patricia Nunes', 'patricia.nunes@email.com', '31990000014', '11111111114', NOW(), NOW()),
('40000000-0000-0000-0000-000000000015', '11111111-1111-1111-1111-111111111111', 'Vinicius Barbosa', 'vinicius.barbosa@email.com', '31990000015', '11111111115', NOW(), NOW()),
('40000000-0000-0000-0000-000000000016', '11111111-1111-1111-1111-111111111111', 'Larissa Melo', 'larissa.melo@email.com', '31990000016', '11111111116', NOW(), NOW()),
('40000000-0000-0000-0000-000000000017', '11111111-1111-1111-1111-111111111111', 'Bruno Carvalho', 'bruno.carvalho@email.com', '31990000017', '11111111117', NOW(), NOW()),
('40000000-0000-0000-0000-000000000018', '11111111-1111-1111-1111-111111111111', 'Amanda Teixeira', 'amanda.teixeira@email.com', '31990000018', '11111111118', NOW(), NOW()),
('40000000-0000-0000-0000-000000000019', '11111111-1111-1111-1111-111111111111', 'Diego Correia', 'diego.correia@email.com', '31990000019', '11111111119', NOW(), NOW()),
('40000000-0000-0000-0000-000000000020', '11111111-1111-1111-1111-111111111111', 'Renata Lopes', 'renata.lopes@email.com', '31990000020', '11111111120', NOW(), NOW());

INSERT INTO leases (
    id, owner_id, property_id, tenant_id, due_day, start_date, end_date, rent_amount, status, created_at, updated_at
) VALUES
('50000000-0000-0000-0000-000000000001', '11111111-1111-1111-1111-111111111111', '30000000-0000-0000-0000-000000000001', '40000000-0000-0000-0000-000000000001', 5, '2025-01-01', NULL, 1800.00, 'active', NOW(), NOW()),
('50000000-0000-0000-0000-000000000002', '11111111-1111-1111-1111-111111111111', '30000000-0000-0000-0000-000000000002', '40000000-0000-0000-0000-000000000002', 10, '2025-02-01', NULL, 1950.00, 'active', NOW(), NOW()),
('50000000-0000-0000-0000-000000000003', '11111111-1111-1111-1111-111111111111', '30000000-0000-0000-0000-000000000003', '40000000-0000-0000-0000-000000000003', 7, '2025-03-01', NULL, 2800.00, 'active', NOW(), NOW()),
('50000000-0000-0000-0000-000000000004', '11111111-1111-1111-1111-111111111111', '30000000-0000-0000-0000-000000000004', '40000000-0000-0000-0000-000000000004', 8, '2025-01-15', NULL, 3200.00, 'active', NOW(), NOW()),
('50000000-0000-0000-0000-000000000005', '11111111-1111-1111-1111-111111111111', '30000000-0000-0000-0000-000000000005', '40000000-0000-0000-0000-000000000005', 5, '2025-04-01', NULL, 1100.00, 'active', NOW(), NOW()),
('50000000-0000-0000-0000-000000000006', '11111111-1111-1111-1111-111111111111', '30000000-0000-0000-0000-000000000006', '40000000-0000-0000-0000-000000000006', 12, '2025-03-10', NULL, 1200.00, 'active', NOW(), NOW()),
('50000000-0000-0000-0000-000000000007', '11111111-1111-1111-1111-111111111111', '30000000-0000-0000-0000-000000000007', '40000000-0000-0000-0000-000000000007', 15, '2025-02-20', NULL, 5500.00, 'active', NOW(), NOW()),
('50000000-0000-0000-0000-000000000008', '11111111-1111-1111-1111-111111111111', '30000000-0000-0000-0000-000000000008', '40000000-0000-0000-0000-000000000008', 20, '2025-01-10', NULL, 4900.00, 'active', NOW(), NOW()),
('50000000-0000-0000-0000-000000000009', '11111111-1111-1111-1111-111111111111', '30000000-0000-0000-0000-000000000009', '40000000-0000-0000-0000-000000000009', 10, '2025-02-01', NULL, 2500.00, 'active', NOW(), NOW()),
('50000000-0000-0000-0000-000000000010', '11111111-1111-1111-1111-111111111111', '30000000-0000-0000-0000-000000000010', '40000000-0000-0000-0000-000000000010', 25, '2025-02-15', NULL, 2100.00, 'active', NOW(), NOW()),
('50000000-0000-0000-0000-000000000011', '11111111-1111-1111-1111-111111111111', '30000000-0000-0000-0000-000000000011', '40000000-0000-0000-0000-000000000011', 6, '2025-01-05', NULL, 3000.00, 'active', NOW(), NOW()),
('50000000-0000-0000-0000-000000000012', '11111111-1111-1111-1111-111111111111', '30000000-0000-0000-0000-000000000012', '40000000-0000-0000-0000-000000000012', 8, '2025-03-01', NULL, 2950.00, 'active', NOW(), NOW()),
('50000000-0000-0000-0000-000000000013', '11111111-1111-1111-1111-111111111111', '30000000-0000-0000-0000-000000000013', '40000000-0000-0000-0000-000000000013', 18, '2025-01-20', NULL, 4300.00, 'active', NOW(), NOW()),
('50000000-0000-0000-0000-000000000014', '11111111-1111-1111-1111-111111111111', '30000000-0000-0000-0000-000000000014', '40000000-0000-0000-0000-000000000014', 22, '2025-02-10', NULL, 6000.00, 'active', NOW(), NOW()),
('50000000-0000-0000-0000-000000000015', '11111111-1111-1111-1111-111111111111', '30000000-0000-0000-0000-000000000015', '40000000-0000-0000-0000-000000000015', 9, '2025-03-05', NULL, 2200.00, 'active', NOW(), NOW()),
('50000000-0000-0000-0000-000000000016', '11111111-1111-1111-1111-111111111111', '30000000-0000-0000-0000-000000000001', '40000000-0000-0000-0000-000000000016', 5, '2024-01-01', '2024-12-31', 1700.00, 'ended', NOW(), NOW()),
('50000000-0000-0000-0000-000000000017', '11111111-1111-1111-1111-111111111111', '30000000-0000-0000-0000-000000000002', '40000000-0000-0000-0000-000000000017', 10, '2024-02-01', '2024-11-30', 1850.00, 'ended', NOW(), NOW()),
('50000000-0000-0000-0000-000000000018', '11111111-1111-1111-1111-111111111111', '30000000-0000-0000-0000-000000000003', '40000000-0000-0000-0000-000000000018', 7, '2024-03-01', '2024-12-31', 2600.00, 'ended', NOW(), NOW()),
('50000000-0000-0000-0000-000000000019', '11111111-1111-1111-1111-111111111111', '30000000-0000-0000-0000-000000000004', '40000000-0000-0000-0000-000000000019', 8, '2024-01-15', '2024-10-31', 3100.00, 'ended', NOW(), NOW()),
('50000000-0000-0000-0000-000000000020', '11111111-1111-1111-1111-111111111111', '30000000-0000-0000-0000-000000000005', '40000000-0000-0000-0000-000000000020', 5, '2024-04-01', '2024-12-31', 1000.00, 'ended', NOW(), NOW());

-- =====================================================
-- LEASE PAYMENTS
-- 6 pagamentos para cada um dos 20 contratos = 120 registros
-- =====================================================
INSERT INTO lease_payments (
    id, owner_id, lease_id, reference_month, due_date, expected_amount, paid_at, status, created_at, updated_at
) VALUES
('60000000-0000-0000-0000-000000000001', '11111111-1111-1111-1111-111111111111', '50000000-0000-0000-0000-000000000001', '2025-01', '2025-01-05', 1800.00, '2025-01-04 10:00:00', 'paid', NOW(), NOW()),
('60000000-0000-0000-0000-000000000002', '11111111-1111-1111-1111-111111111111', '50000000-0000-0000-0000-000000000001', '2025-02', '2025-02-05', 1800.00, '2025-02-05 11:00:00', 'paid', NOW(), NOW()),
('60000000-0000-0000-0000-000000000003', '11111111-1111-1111-1111-111111111111', '50000000-0000-0000-0000-000000000001', '2025-03', '2025-03-05', 1800.00, NULL, 'pending', NOW(), NOW()),
('60000000-0000-0000-0000-000000000004', '11111111-1111-1111-1111-111111111111', '50000000-0000-0000-0000-000000000001', '2025-04', '2025-04-05', 1800.00, NULL, 'pending', NOW(), NOW()),
('60000000-0000-0000-0000-000000000005', '11111111-1111-1111-1111-111111111111', '50000000-0000-0000-0000-000000000001', '2025-05', '2025-05-05', 1800.00, NULL, 'pending', NOW(), NOW()),
('60000000-0000-0000-0000-000000000006', '11111111-1111-1111-1111-111111111111', '50000000-0000-0000-0000-000000000001', '2025-06', '2025-06-05', 1800.00, NULL, 'pending', NOW(), NOW()),

('60000000-0000-0000-0000-000000000007', '11111111-1111-1111-1111-111111111111', '50000000-0000-0000-0000-000000000002', '2025-02', '2025-02-10', 1950.00, '2025-02-10 09:00:00', 'paid', NOW(), NOW()),
('60000000-0000-0000-0000-000000000008', '11111111-1111-1111-1111-111111111111', '50000000-0000-0000-0000-000000000002', '2025-03', '2025-03-10', 1950.00, '2025-03-09 13:00:00', 'paid', NOW(), NOW()),
('60000000-0000-0000-0000-000000000009', '11111111-1111-1111-1111-111111111111', '50000000-0000-0000-0000-000000000002', '2025-04', '2025-04-10', 1950.00, NULL, 'pending', NOW(), NOW()),
('60000000-0000-0000-0000-000000000010', '11111111-1111-1111-1111-111111111111', '50000000-0000-0000-0000-000000000002', '2025-05', '2025-05-10', 1950.00, NULL, 'pending', NOW(), NOW()),
('60000000-0000-0000-0000-000000000011', '11111111-1111-1111-1111-111111111111', '50000000-0000-0000-0000-000000000002', '2025-06', '2025-06-10', 1950.00, NULL, 'pending', NOW(), NOW()),
('60000000-0000-0000-0000-000000000012', '11111111-1111-1111-1111-111111111111', '50000000-0000-0000-0000-000000000002', '2025-07', '2025-07-10', 1950.00, NULL, 'pending', NOW(), NOW()),

('60000000-0000-0000-0000-000000000013', '11111111-1111-1111-1111-111111111111', '50000000-0000-0000-0000-000000000003', '2025-03', '2025-03-07', 2800.00, '2025-03-06 15:10:00', 'paid', NOW(), NOW()),
('60000000-0000-0000-0000-000000000014', '11111111-1111-1111-1111-111111111111', '50000000-0000-0000-0000-000000000003', '2025-04', '2025-04-07', 2800.00, '2025-04-08 09:00:00', 'paid', NOW(), NOW()),
('60000000-0000-0000-0000-000000000015', '11111111-1111-1111-1111-111111111111', '50000000-0000-0000-0000-000000000003', '2025-05', '2025-05-07', 2800.00, NULL, 'pending', NOW(), NOW()),
('60000000-0000-0000-0000-000000000016', '11111111-1111-1111-1111-111111111111', '50000000-0000-0000-0000-000000000003', '2025-06', '2025-06-07', 2800.00, NULL, 'pending', NOW(), NOW()),
('60000000-0000-0000-0000-000000000017', '11111111-1111-1111-1111-111111111111', '50000000-0000-0000-0000-000000000003', '2025-07', '2025-07-07', 2800.00, NULL, 'pending', NOW(), NOW()),
('60000000-0000-0000-0000-000000000018', '11111111-1111-1111-1111-111111111111', '50000000-0000-0000-0000-000000000003', '2025-08', '2025-08-07', 2800.00, NULL, 'pending', NOW(), NOW()),

('60000000-0000-0000-0000-000000000019', '11111111-1111-1111-1111-111111111111', '50000000-0000-0000-0000-000000000004', '2025-01', '2025-01-08', 3200.00, '2025-01-07 16:00:00', 'paid', NOW(), NOW()),
('60000000-0000-0000-0000-000000000020', '11111111-1111-1111-1111-111111111111', '50000000-0000-0000-0000-000000000004', '2025-02', '2025-02-08', 3200.00, '2025-02-10 10:00:00', 'paid', NOW(), NOW()),
('60000000-0000-0000-0000-000000000021', '11111111-1111-1111-1111-111111111111', '50000000-0000-0000-0000-000000000004', '2025-03', '2025-03-08', 3200.00, NULL, 'pending', NOW(), NOW()),
('60000000-0000-0000-0000-000000000022', '11111111-1111-1111-1111-111111111111', '50000000-0000-0000-0000-000000000004', '2025-04', '2025-04-08', 3200.00, NULL, 'pending', NOW(), NOW()),
('60000000-0000-0000-0000-000000000023', '11111111-1111-1111-1111-111111111111', '50000000-0000-0000-0000-000000000004', '2025-05', '2025-05-08', 3200.00, NULL, 'pending', NOW(), NOW()),
('60000000-0000-0000-0000-000000000024', '11111111-1111-1111-1111-111111111111', '50000000-0000-0000-0000-000000000004', '2025-06', '2025-06-08', 3200.00, NULL, 'pending', NOW(), NOW()),

('60000000-0000-0000-0000-000000000025', '11111111-1111-1111-1111-111111111111', '50000000-0000-0000-0000-000000000005', '2025-04', '2025-04-05', 1100.00, '2025-04-05 08:10:00', 'paid', NOW(), NOW()),
('60000000-0000-0000-0000-000000000026', '11111111-1111-1111-1111-111111111111', '50000000-0000-0000-0000-000000000005', '2025-05', '2025-05-05', 1100.00, '2025-05-04 14:00:00', 'paid', NOW(), NOW()),
('60000000-0000-0000-0000-000000000027', '11111111-1111-1111-1111-111111111111', '50000000-0000-0000-0000-000000000005', '2025-06', '2025-06-05', 1100.00, NULL, 'pending', NOW(), NOW()),
('60000000-0000-0000-0000-000000000028', '11111111-1111-1111-1111-111111111111', '50000000-0000-0000-0000-000000000005', '2025-07', '2025-07-05', 1100.00, NULL, 'pending', NOW(), NOW()),
('60000000-0000-0000-0000-000000000029', '11111111-1111-1111-1111-111111111111', '50000000-0000-0000-0000-000000000005', '2025-08', '2025-08-05', 1100.00, NULL, 'pending', NOW(), NOW()),
('60000000-0000-0000-0000-000000000030', '11111111-1111-1111-1111-111111111111', '50000000-0000-0000-0000-000000000005', '2025-09', '2025-09-05', 1100.00, NULL, 'pending', NOW(), NOW()),

('60000000-0000-0000-0000-000000000031', '11111111-1111-1111-1111-111111111111', '50000000-0000-0000-0000-000000000006', '2025-03', '2025-03-12', 1200.00, '2025-03-12 11:00:00', 'paid', NOW(), NOW()),
('60000000-0000-0000-0000-000000000032', '11111111-1111-1111-1111-111111111111', '50000000-0000-0000-0000-000000000006', '2025-04', '2025-04-12', 1200.00, '2025-04-11 15:30:00', 'paid', NOW(), NOW()),
('60000000-0000-0000-0000-000000000033', '11111111-1111-1111-1111-111111111111', '50000000-0000-0000-0000-000000000006', '2025-05', '2025-05-12', 1200.00, NULL, 'pending', NOW(), NOW()),
('60000000-0000-0000-0000-000000000034', '11111111-1111-1111-1111-111111111111', '50000000-0000-0000-0000-000000000006', '2025-06', '2025-06-12', 1200.00, NULL, 'pending', NOW(), NOW()),
('60000000-0000-0000-0000-000000000035', '11111111-1111-1111-1111-111111111111', '50000000-0000-0000-0000-000000000006', '2025-07', '2025-07-12', 1200.00, NULL, 'pending', NOW(), NOW()),
('60000000-0000-0000-0000-000000000036', '11111111-1111-1111-1111-111111111111', '50000000-0000-0000-0000-000000000006', '2025-08', '2025-08-12', 1200.00, NULL, 'pending', NOW(), NOW()),

('60000000-0000-0000-0000-000000000037', '11111111-1111-1111-1111-111111111111', '50000000-0000-0000-0000-000000000007', '2025-02', '2025-02-15', 5500.00, '2025-02-14 10:10:00', 'paid', NOW(), NOW()),
('60000000-0000-0000-0000-000000000038', '11111111-1111-1111-1111-111111111111', '50000000-0000-0000-0000-000000000007', '2025-03', '2025-03-15', 5500.00, '2025-03-17 17:00:00', 'paid', NOW(), NOW()),
('60000000-0000-0000-0000-000000000039', '11111111-1111-1111-1111-111111111111', '50000000-0000-0000-0000-000000000007', '2025-04', '2025-04-15', 5500.00, NULL, 'pending', NOW(), NOW()),
('60000000-0000-0000-0000-000000000040', '11111111-1111-1111-1111-111111111111', '50000000-0000-0000-0000-000000000007', '2025-05', '2025-05-15', 5500.00, NULL, 'pending', NOW(), NOW()),
('60000000-0000-0000-0000-000000000041', '11111111-1111-1111-1111-111111111111', '50000000-0000-0000-0000-000000000007', '2025-06', '2025-06-15', 5500.00, NULL, 'pending', NOW(), NOW()),
('60000000-0000-0000-0000-000000000042', '11111111-1111-1111-1111-111111111111', '50000000-0000-0000-0000-000000000007', '2025-07', '2025-07-15', 5500.00, NULL, 'pending', NOW(), NOW()),

('60000000-0000-0000-0000-000000000043', '11111111-1111-1111-1111-111111111111', '50000000-0000-0000-0000-000000000008', '2025-01', '2025-01-20', 4900.00, '2025-01-19 12:00:00', 'paid', NOW(), NOW()),
('60000000-0000-0000-0000-000000000044', '11111111-1111-1111-1111-111111111111', '50000000-0000-0000-0000-000000000008', '2025-02', '2025-02-20', 4900.00, '2025-02-20 09:00:00', 'paid', NOW(), NOW()),
('60000000-0000-0000-0000-000000000045', '11111111-1111-1111-1111-111111111111', '50000000-0000-0000-0000-000000000008', '2025-03', '2025-03-20', 4900.00, NULL, 'pending', NOW(), NOW()),
('60000000-0000-0000-0000-000000000046', '11111111-1111-1111-1111-111111111111', '50000000-0000-0000-0000-000000000008', '2025-04', '2025-04-20', 4900.00, NULL, 'pending', NOW(), NOW()),
('60000000-0000-0000-0000-000000000047', '11111111-1111-1111-1111-111111111111', '50000000-0000-0000-0000-000000000008', '2025-05', '2025-05-20', 4900.00, NULL, 'pending', NOW(), NOW()),
('60000000-0000-0000-0000-000000000048', '11111111-1111-1111-1111-111111111111', '50000000-0000-0000-0000-000000000008', '2025-06', '2025-06-20', 4900.00, NULL, 'pending', NOW(), NOW()),

('60000000-0000-0000-0000-000000000049', '11111111-1111-1111-1111-111111111111', '50000000-0000-0000-0000-000000000009', '2025-02', '2025-02-10', 2500.00, '2025-02-08 10:00:00', 'paid', NOW(), NOW()),
('60000000-0000-0000-0000-000000000050', '11111111-1111-1111-1111-111111111111', '50000000-0000-0000-0000-000000000009', '2025-03', '2025-03-10', 2500.00, '2025-03-10 08:00:00', 'paid', NOW(), NOW()),
('60000000-0000-0000-0000-000000000051', '11111111-1111-1111-1111-111111111111', '50000000-0000-0000-0000-000000000009', '2025-04', '2025-04-10', 2500.00, NULL, 'pending', NOW(), NOW()),
('60000000-0000-0000-0000-000000000052', '11111111-1111-1111-1111-111111111111', '50000000-0000-0000-0000-000000000009', '2025-05', '2025-05-10', 2500.00, NULL, 'pending', NOW(), NOW()),
('60000000-0000-0000-0000-000000000053', '11111111-1111-1111-1111-111111111111', '50000000-0000-0000-0000-000000000009', '2025-06', '2025-06-10', 2500.00, NULL, 'pending', NOW(), NOW()),
('60000000-0000-0000-0000-000000000054', '11111111-1111-1111-1111-111111111111', '50000000-0000-0000-0000-000000000009', '2025-07', '2025-07-10', 2500.00, NULL, 'pending', NOW(), NOW()),

('60000000-0000-0000-0000-000000000055', '11111111-1111-1111-1111-111111111111', '50000000-0000-0000-0000-000000000010', '2025-02', '2025-02-25', 2100.00, '2025-02-25 09:00:00', 'paid', NOW(), NOW()),
('60000000-0000-0000-0000-000000000056', '11111111-1111-1111-1111-111111111111', '50000000-0000-0000-0000-000000000010', '2025-03', '2025-03-25', 2100.00, '2025-03-24 18:00:00', 'paid', NOW(), NOW()),
('60000000-0000-0000-0000-000000000057', '11111111-1111-1111-1111-111111111111', '50000000-0000-0000-0000-000000000010', '2025-04', '2025-04-25', 2100.00, NULL, 'pending', NOW(), NOW()),
('60000000-0000-0000-0000-000000000058', '11111111-1111-1111-1111-111111111111', '50000000-0000-0000-0000-000000000010', '2025-05', '2025-05-25', 2100.00, NULL, 'pending', NOW(), NOW()),
('60000000-0000-0000-0000-000000000059', '11111111-1111-1111-1111-111111111111', '50000000-0000-0000-0000-000000000010', '2025-06', '2025-06-25', 2100.00, NULL, 'pending', NOW(), NOW()),
('60000000-0000-0000-0000-000000000060', '11111111-1111-1111-1111-111111111111', '50000000-0000-0000-0000-000000000010', '2025-07', '2025-07-25', 2100.00, NULL, 'pending', NOW(), NOW()),

('60000000-0000-0000-0000-000000000061', '11111111-1111-1111-1111-111111111111', '50000000-0000-0000-0000-000000000011', '2025-01', '2025-01-06', 3000.00, '2025-01-06 10:00:00', 'paid', NOW(), NOW()),
('60000000-0000-0000-0000-000000000062', '11111111-1111-1111-1111-111111111111', '50000000-0000-0000-0000-000000000011', '2025-02', '2025-02-06', 3000.00, '2025-02-07 10:00:00', 'paid', NOW(), NOW()),
('60000000-0000-0000-0000-000000000063', '11111111-1111-1111-1111-111111111111', '50000000-0000-0000-0000-000000000011', '2025-03', '2025-03-06', 3000.00, NULL, 'pending', NOW(), NOW()),
('60000000-0000-0000-0000-000000000064', '11111111-1111-1111-1111-111111111111', '50000000-0000-0000-0000-000000000011', '2025-04', '2025-04-06', 3000.00, NULL, 'pending', NOW(), NOW()),
('60000000-0000-0000-0000-000000000065', '11111111-1111-1111-1111-111111111111', '50000000-0000-0000-0000-000000000011', '2025-05', '2025-05-06', 3000.00, NULL, 'pending', NOW(), NOW()),
('60000000-0000-0000-0000-000000000066', '11111111-1111-1111-1111-111111111111', '50000000-0000-0000-0000-000000000011', '2025-06', '2025-06-06', 3000.00, NULL, 'pending', NOW(), NOW()),

('60000000-0000-0000-0000-000000000067', '11111111-1111-1111-1111-111111111111', '50000000-0000-0000-0000-000000000012', '2025-03', '2025-03-08', 2950.00, '2025-03-08 12:00:00', 'paid', NOW(), NOW()),
('60000000-0000-0000-0000-000000000068', '11111111-1111-1111-1111-111111111111', '50000000-0000-0000-0000-000000000012', '2025-04', '2025-04-08', 2950.00, '2025-04-09 11:00:00', 'paid', NOW(), NOW()),
('60000000-0000-0000-0000-000000000069', '11111111-1111-1111-1111-111111111111', '50000000-0000-0000-0000-000000000012', '2025-05', '2025-05-08', 2950.00, NULL, 'pending', NOW(), NOW()),
('60000000-0000-0000-0000-000000000070', '11111111-1111-1111-1111-111111111111', '50000000-0000-0000-0000-000000000012', '2025-06', '2025-06-08', 2950.00, NULL, 'pending', NOW(), NOW()),
('60000000-0000-0000-0000-000000000071', '11111111-1111-1111-1111-111111111111', '50000000-0000-0000-0000-000000000012', '2025-07', '2025-07-08', 2950.00, NULL, 'pending', NOW(), NOW()),
('60000000-0000-0000-0000-000000000072', '11111111-1111-1111-1111-111111111111', '50000000-0000-0000-0000-000000000012', '2025-08', '2025-08-08', 2950.00, NULL, 'pending', NOW(), NOW()),

('60000000-0000-0000-0000-000000000073', '11111111-1111-1111-1111-111111111111', '50000000-0000-0000-0000-000000000013', '2025-01', '2025-01-18', 4300.00, '2025-01-18 17:00:00', 'paid', NOW(), NOW()),
('60000000-0000-0000-0000-000000000074', '11111111-1111-1111-1111-111111111111', '50000000-0000-0000-0000-000000000013', '2025-02', '2025-02-18', 4300.00, '2025-02-19 16:00:00', 'paid', NOW(), NOW()),
('60000000-0000-0000-0000-000000000075', '11111111-1111-1111-1111-111111111111', '50000000-0000-0000-0000-000000000013', '2025-03', '2025-03-18', 4300.00, NULL, 'pending', NOW(), NOW()),
('60000000-0000-0000-0000-000000000076', '11111111-1111-1111-1111-111111111111', '50000000-0000-0000-0000-000000000013', '2025-04', '2025-04-18', 4300.00, NULL, 'pending', NOW(), NOW()),
('60000000-0000-0000-0000-000000000077', '11111111-1111-1111-1111-111111111111', '50000000-0000-0000-0000-000000000013', '2025-05', '2025-05-18', 4300.00, NULL, 'pending', NOW(), NOW()),
('60000000-0000-0000-0000-000000000078', '11111111-1111-1111-1111-111111111111', '50000000-0000-0000-0000-000000000013', '2025-06', '2025-06-18', 4300.00, NULL, 'pending', NOW(), NOW()),

('60000000-0000-0000-0000-000000000079', '11111111-1111-1111-1111-111111111111', '50000000-0000-0000-0000-000000000014', '2025-02', '2025-02-22', 6000.00, '2025-02-21 11:30:00', 'paid', NOW(), NOW()),
('60000000-0000-0000-0000-000000000080', '11111111-1111-1111-1111-111111111111', '50000000-0000-0000-0000-000000000014', '2025-03', '2025-03-22', 6000.00, '2025-03-23 12:00:00', 'paid', NOW(), NOW()),
('60000000-0000-0000-0000-000000000081', '11111111-1111-1111-1111-111111111111', '50000000-0000-0000-0000-000000000014', '2025-04', '2025-04-22', 6000.00, NULL, 'pending', NOW(), NOW()),
('60000000-0000-0000-0000-000000000082', '11111111-1111-1111-1111-111111111111', '50000000-0000-0000-0000-000000000014', '2025-05', '2025-05-22', 6000.00, NULL, 'pending', NOW(), NOW()),
('60000000-0000-0000-0000-000000000083', '11111111-1111-1111-1111-111111111111', '50000000-0000-0000-0000-000000000014', '2025-06', '2025-06-22', 6000.00, NULL, 'pending', NOW(), NOW()),
('60000000-0000-0000-0000-000000000084', '11111111-1111-1111-1111-111111111111', '50000000-0000-0000-0000-000000000014', '2025-07', '2025-07-22', 6000.00, NULL, 'pending', NOW(), NOW()),

('60000000-0000-0000-0000-000000000085', '11111111-1111-1111-1111-111111111111', '50000000-0000-0000-0000-000000000015', '2025-03', '2025-03-09', 2200.00, '2025-03-09 09:15:00', 'paid', NOW(), NOW()),
('60000000-0000-0000-0000-000000000086', '11111111-1111-1111-1111-111111111111', '50000000-0000-0000-0000-000000000015', '2025-04', '2025-04-09', 2200.00, '2025-04-08 16:40:00', 'paid', NOW(), NOW()),
('60000000-0000-0000-0000-000000000087', '11111111-1111-1111-1111-111111111111', '50000000-0000-0000-0000-000000000015', '2025-05', '2025-05-09', 2200.00, NULL, 'pending', NOW(), NOW()),
('60000000-0000-0000-0000-000000000088', '11111111-1111-1111-1111-111111111111', '50000000-0000-0000-0000-000000000015', '2025-06', '2025-06-09', 2200.00, NULL, 'pending', NOW(), NOW()),
('60000000-0000-0000-0000-000000000089', '11111111-1111-1111-1111-111111111111', '50000000-0000-0000-0000-000000000015', '2025-07', '2025-07-09', 2200.00, NULL, 'pending', NOW(), NOW()),
('60000000-0000-0000-0000-000000000090', '11111111-1111-1111-1111-111111111111', '50000000-0000-0000-0000-000000000015', '2025-08', '2025-08-09', 2200.00, NULL, 'pending', NOW(), NOW()),

('60000000-0000-0000-0000-000000000091', '11111111-1111-1111-1111-111111111111', '50000000-0000-0000-0000-000000000016', '2024-01', '2024-01-05', 1700.00, '2024-01-05 10:00:00', 'paid', NOW(), NOW()),
('60000000-0000-0000-0000-000000000092', '11111111-1111-1111-1111-111111111111', '50000000-0000-0000-0000-000000000016', '2024-02', '2024-02-05', 1700.00, '2024-02-05 11:00:00', 'paid', NOW(), NOW()),
('60000000-0000-0000-0000-000000000093', '11111111-1111-1111-1111-111111111111', '50000000-0000-0000-0000-000000000016', '2024-03', '2024-03-05', 1700.00, '2024-03-08 14:00:00', 'paid', NOW(), NOW()),
('60000000-0000-0000-0000-000000000094', '11111111-1111-1111-1111-111111111111', '50000000-0000-0000-0000-000000000016', '2024-04', '2024-04-05', 1700.00, '2024-04-05 15:00:00', 'paid', NOW(), NOW()),
('60000000-0000-0000-0000-000000000095', '11111111-1111-1111-1111-111111111111', '50000000-0000-0000-0000-000000000016', '2024-05', '2024-05-05', 1700.00, '2024-05-05 09:00:00', 'paid', NOW(), NOW()),
('60000000-0000-0000-0000-000000000096', '11111111-1111-1111-1111-111111111111', '50000000-0000-0000-0000-000000000016', '2024-06', '2024-06-05', 1700.00, '2024-06-06 12:00:00', 'paid', NOW(), NOW()),

('60000000-0000-0000-0000-000000000097', '11111111-1111-1111-1111-111111111111', '50000000-0000-0000-0000-000000000017', '2024-02', '2024-02-10', 1850.00, '2024-02-09 09:00:00', 'paid', NOW(), NOW()),
('60000000-0000-0000-0000-000000000098', '11111111-1111-1111-1111-111111111111', '50000000-0000-0000-0000-000000000017', '2024-03', '2024-03-10', 1850.00, '2024-03-10 11:30:00', 'paid', NOW(), NOW()),
('60000000-0000-0000-0000-000000000099', '11111111-1111-1111-1111-111111111111', '50000000-0000-0000-0000-000000000017', '2024-04', '2024-04-10', 1850.00, '2024-04-12 08:20:00', 'paid', NOW(), NOW()),
('60000000-0000-0000-0000-000000000100', '11111111-1111-1111-1111-111111111111', '50000000-0000-0000-0000-000000000017', '2024-05', '2024-05-10', 1850.00, '2024-05-10 13:00:00', 'paid', NOW(), NOW()),
('60000000-0000-0000-0000-000000000101', '11111111-1111-1111-1111-111111111111', '50000000-0000-0000-0000-000000000017', '2024-06', '2024-06-10', 1850.00, '2024-06-10 09:00:00', 'paid', NOW(), NOW()),
('60000000-0000-0000-0000-000000000102', '11111111-1111-1111-1111-111111111111', '50000000-0000-0000-0000-000000000017', '2024-07', '2024-07-10', 1850.00, '2024-07-10 10:00:00', 'paid', NOW(), NOW()),

('60000000-0000-0000-0000-000000000103', '11111111-1111-1111-1111-111111111111', '50000000-0000-0000-0000-000000000018', '2024-03', '2024-03-07', 2600.00, '2024-03-07 10:00:00', 'paid', NOW(), NOW()),
('60000000-0000-0000-0000-000000000104', '11111111-1111-1111-1111-111111111111', '50000000-0000-0000-0000-000000000018', '2024-04', '2024-04-07', 2600.00, '2024-04-08 10:00:00', 'paid', NOW(), NOW()),
('60000000-0000-0000-0000-000000000105', '11111111-1111-1111-1111-111111111111', '50000000-0000-0000-0000-000000000018', '2024-05', '2024-05-07', 2600.00, '2024-05-07 12:00:00', 'paid', NOW(), NOW()),
('60000000-0000-0000-0000-000000000106', '11111111-1111-1111-1111-111111111111', '50000000-0000-0000-0000-000000000018', '2024-06', '2024-06-07', 2600.00, '2024-06-07 14:00:00', 'paid', NOW(), NOW()),
('60000000-0000-0000-0000-000000000107', '11111111-1111-1111-1111-111111111111', '50000000-0000-0000-0000-000000000018', '2024-07', '2024-07-07', 2600.00, '2024-07-08 09:30:00', 'paid', NOW(), NOW()),
('60000000-0000-0000-0000-000000000108', '11111111-1111-1111-1111-111111111111', '50000000-0000-0000-0000-000000000018', '2024-08', '2024-08-07', 2600.00, '2024-08-07 08:00:00', 'paid', NOW(), NOW()),

('60000000-0000-0000-0000-000000000109', '11111111-1111-1111-1111-111111111111', '50000000-0000-0000-0000-000000000019', '2024-01', '2024-01-08', 3100.00, '2024-01-08 09:00:00', 'paid', NOW(), NOW()),
('60000000-0000-0000-0000-000000000110', '11111111-1111-1111-1111-111111111111', '50000000-0000-0000-0000-000000000019', '2024-02', '2024-02-08', 3100.00, '2024-02-09 09:00:00', 'paid', NOW(), NOW()),
('60000000-0000-0000-0000-000000000111', '11111111-1111-1111-1111-111111111111', '50000000-0000-0000-0000-000000000019', '2024-03', '2024-03-08', 3100.00, '2024-03-08 16:00:00', 'paid', NOW(), NOW()),
('60000000-0000-0000-0000-000000000112', '11111111-1111-1111-1111-111111111111', '50000000-0000-0000-0000-000000000019', '2024-04', '2024-04-08', 3100.00, '2024-04-08 10:00:00', 'paid', NOW(), NOW()),
('60000000-0000-0000-0000-000000000113', '11111111-1111-1111-1111-111111111111', '50000000-0000-0000-0000-000000000019', '2024-05', '2024-05-08', 3100.00, '2024-05-10 11:00:00', 'paid', NOW(), NOW()),
('60000000-0000-0000-0000-000000000114', '11111111-1111-1111-1111-111111111111', '50000000-0000-0000-0000-000000000019', '2024-06', '2024-06-08', 3100.00, '2024-06-08 09:00:00', 'paid', NOW(), NOW()),

('60000000-0000-0000-0000-000000000115', '11111111-1111-1111-1111-111111111111', '50000000-0000-0000-0000-000000000020', '2024-04', '2024-04-05', 1000.00, '2024-04-05 07:50:00', 'paid', NOW(), NOW()),
('60000000-0000-0000-0000-000000000116', '11111111-1111-1111-1111-111111111111', '50000000-0000-0000-0000-000000000020', '2024-05', '2024-05-05', 1000.00, '2024-05-05 08:10:00', 'paid', NOW(), NOW()),
('60000000-0000-0000-0000-000000000117', '11111111-1111-1111-1111-111111111111', '50000000-0000-0000-0000-000000000020', '2024-06', '2024-06-05', 1000.00, '2024-06-06 11:00:00', 'paid', NOW(), NOW()),
('60000000-0000-0000-0000-000000000118', '11111111-1111-1111-1111-111111111111', '50000000-0000-0000-0000-000000000020', '2024-07', '2024-07-05', 1000.00, '2024-07-05 08:00:00', 'paid', NOW(), NOW()),
('60000000-0000-0000-0000-000000000119', '11111111-1111-1111-1111-111111111111', '50000000-0000-0000-0000-000000000020', '2024-08', '2024-08-05', 1000.00, '2024-08-05 09:10:00', 'paid', NOW(), NOW()),
('60000000-0000-0000-0000-000000000120', '11111111-1111-1111-1111-111111111111', '50000000-0000-0000-0000-000000000020', '2024-09', '2024-09-05', 1000.00, '2024-09-06 10:30:00', 'paid', NOW(), NOW());
